Workbook

Sheet Simulasi Tanpa Take Over
A3: Simulasi KPR tanpa Take Over
A5: Biaya Plafon | B5: 2000000000
A6: Tenor (tahun) | B6: 20
A7: Masa Fix (tahun) | B7: 5
A8: Bunga Fix % | B8: 0.035
A9: Bunga Floating % | B9: 0.12
A10: Bunga Fix (Rp) | B10: ='KPR 1'!B6 -> 3.1848315e+08
A11: Bunga Floating (Rp) | B11: ='KPR 1'!B7 -> 1.8826274e+09
A12: Cicilan Bunga Fix | B12: ='KPR 1'!C10 -> 11599194
A13: Cicilan Bunga Floating | B13: ='KPR 1'!C70 -> 19473105
A14: Total Bunga | B14: =B10+B11 -> 2.2011105e+09

Sheet Simulasi Take Over
A3: Simulasi KPR Take Over Tahun ke 6-20
A5: Biaya Plafon | B5: 2000000000
A6: Tenor (tahun) | B6: 20
A7: Masa Fix (tahun) | B7: 5
A8: Bunga Fix % | B8: 0.035
A9: Bunga Fix (Rp) | B9: ='KPR 1'!B6 -> 3.1848315e+08
A10: Cicilan Bunga Fix | B10: ='KPR 1'!C10 -> 11599194
A11: Total Bunga | B11: =B9 -> 3.1848315e+08
A13: Perhitungan KPR Ke 2 Setelah Take Over
A14: Sisa Plafon | B14: ='KPR 1'!B5 -> 1.6225315e+09
A15: Tenor (tahun) | B15: 15
A16: Masa Fix (tahun) | B16: 5
A17: Bunga Fix % | B17: 0.0475
A18: Bunga Floating % | B18: 0.12
A19: Bunga Fix (Rp) | B19: ='KPR 2'!B6 -> 3.3840686e+08
A20: Bunga Floating (Rp) | B20: ='KPR 2'!B7 -> 8.6865486e+08
A21: Cicilan Bunga Fix | B21: ='KPR 2'!C10 -> 12620568
A22: Cicilan Bunga Floating | B22: ='KPR 2'!C70 -> 17269660
A23: Total Bunga | B23: =B19+B20 -> 1.2070617e+09
A25: Biaya Take Over
A26: Provisi | B26: 0.01 | C26: =$B$14*B26 -> 16225315
A27: Asuransi | B27: 0.01 | C27: =$B$14*B27 -> 16225315
A28: Pinalty | B28: 0.03 | C28: =$B$14*B28 -> 48675945
A29: Total Biaya Take Over | C29: =SUM(C26:C28) -> 81126575
A31: Rangkuman Biaya yang dikeluarkan
A32: Bunga KPR 1 (Fix Saja) | B32: =B11 -> 3.1848315e+08
A33: Bunga KPR 2 (Fix & Floating) | B33: =B23 -> 1.2070617e+09
A34: Biaya Take Over | B34: =C29 -> 81126575
A35: Total Bunga & Biaya Take Over | B35: =SUM(B32:B34) -> 1.6066715e+09
A37: Perbandingan biaya KPR tanpa Take Over dengan KPR Take Over
A38: Total Bunga tanpa Take Over | B38: ='Simulasi Tanpa Take Over'!B14 -> 2.2011105e+09
A39: Total Bunga dengan Take Over | B39: =B35 -> 1.6066715e+09
A40: Selisih | B40: =B38-B39 -> 5.9443907e+08
A41: Selisih (%) | B41: =B40/B38 -> 0.27006325
A43: Insight
A44: Dengan take over, bisa menghemat | B44: =B40 -> 5.9443907e+08
A45: Biaya yang dikeluarkan hanya biaya take over saja
A46: Note : masih dapat cashback asuransi dari KPR pertama
A47: Perbandingan cicilan saat pindah bank | B47: Bank 1 | C47: Bank 2
A48: Cicilan Bunga Fix | B48: ='Simulasi Tanpa Take Over'!B12 -> 11599194 | C48: =B21 -> 12620568
A49: Cicilan Bunga Floating | B49: ='Simulasi Tanpa Take Over'!B13 -> 19473105 | C49: =B22 -> 17269660

Sheet KPR 1
A1: Pokok | B1: 2000000000 | E1: Periode Bunga Fix | F1: 60 | G1: bulan
A2: Periode | B2: 240 | C2: bulan | E2: Periode Bunga Floating | F2: 180 | G2: bulan
A3: Bunga Fix | B3: 0.035
A4: Bunga Floating | B4: 0.12
A5: Sisa Pokok Setelah Bunga Fix | B5: =VLOOKUP(F1,$B$10:$D$69,3,0) -> 1.6225315e+09
A6: Total Bunga Fix | B6: =SUMIF(B10:B69,"<="&$F$1,$F$10:$F$69) -> 3.1848315e+08
A7: Total Bunga Floating | B7: =F9-B6 -> 1.8826274e+09
A8: Tahun | B8: Periode Angsuran | C8: Jumlah Angsuran | D8: Saldo Pokok | E8: Angsuran Pokok | F8: Angsuran Bunga
A9: Tahun 1 | B9: 0 | C9: =D9+F9 -> 4.2011105e+09 | D9: =$B$1 -> 2000000000 | E9: =$B$1 -> 2000000000 | F9: =SUMIF($B$10:$B$249,"<="&$B$2,$F$10:$F$249) -> 2.2011105e+09
B10: =B9+1 -> 1 | C10: =IF(AND($F$1<=$B$2,B10<=$F$1),($B$1*($B$3/12))/(1-1/(1+$B$3/12)^$B$2),($B$5*($B$4/12))/(1-1/(1+$B$4/12)^$F$2)) -> 11599194 | D10: =D9-E10 -> 1.9942341e+09 | E10: =C10-F10 -> 5765861 | F10: =IF(B10<=$F$1,D9*$B$3/12,D9*$B$4/12) -> 5833333.3
B11: =B10+1 -> 2 | C11: =IF(AND($F$1<=$B$2,B11<=$F$1),($B$1*($B$3/12))/(1-1/(1+$B$3/12)^$B$2),($B$5*($B$4/12))/(1-1/(1+$B$4/12)^$F$2)) -> 11599194 | D11: =D10-E11 -> 1.9884515e+09 | E11: =C11-F11 -> 5782678.1 | F11: =IF(B11<=$F$1,D10*$B$3/12,D10*$B$4/12) -> 5816516.2
B12: =B11+1 -> 3 | C12: =IF(AND($F$1<=$B$2,B12<=$F$1),($B$1*($B$3/12))/(1-1/(1+$B$3/12)^$B$2),($B$5*($B$4/12))/(1-1/(1+$B$4/12)^$F$2)) -> 11599194 | D12: =D11-E12 -> 1.9826519e+09 | E12: =C12-F12 -> 5799544.3 | F12: =IF(B12<=$F$1,D11*$B$3/12,D11*$B$4/12) -> 5799650.1
B13: =B12+1 -> 4 | C13: =IF(AND($F$1<=$B$2,B13<=$F$1),($B$1*($B$3/12))/(1-1/(1+$B$3/12)^$B$2),($B$5*($B$4/12))/(1-1/(1+$B$4/12)^$F$2)) -> 11599194 | D13: =D12-E13 -> 1.9768355e+09 | E13: =C13-F13 -> 5816459.6 | F13: =IF(B13<=$F$1,D12*$B$3/12,D12*$B$4/12) -> 5782734.8
B14: =B13+1 -> 5 | C14: =IF(AND($F$1<=$B$2,B14<=$F$1),($B$1*($B$3/12))/(1-1/(1+$B$3/12)^$B$2),($B$5*($B$4/12))/(1-1/(1+$B$4/12)^$F$2)) -> 11599194 | D14: =D13-E14 -> 1.971002e+09 | E14: =C14-F14 -> 5833424.3 | F14: =IF(B14<=$F$1,D13*$B$3/12,D13*$B$4/12) -> 5765770.1
B15: =B14+1 -> 6 | C15: =IF(AND($F$1<=$B$2,B15<=$F$1),($B$1*($B$3/12))/(1-1/(1+$B$3/12)^$B$2),($B$5*($B$4/12))/(1-1/(1+$B$4/12)^$F$2)) -> 11599194 | D15: =D14-E15 -> 1.9651516e+09 | E15: =C15-F15 -> 5850438.4 | F15: =IF(B15<=$F$1,D14*$B$3/12,D14*$B$4/12) -> 5748755.9
B16: =B15+1 -> 7 | C16: =IF(AND($F$1<=$B$2,B16<=$F$1),($B$1*($B$3/12))/(1-1/(1+$B$3/12)^$B$2),($B$5*($B$4/12))/(1-1/(1+$B$4/12)^$F$2)) -> 11599194 | D16: =D15-E16 -> 1.9592841e+09 | E16: =C16-F16 -> 5867502.2 | F16: =IF(B16<=$F$1,D15*$B$3/12,D15*$B$4/12) -> 5731692.1
B17: =B16+1 -> 8 | C17: =IF(AND($F$1<=$B$2,B17<=$F$1),($B$1*($B$3/12))/(1-1/(1+$B$3/12)^$B$2),($B$5*($B$4/12))/(1-1/(1+$B$4/12)^$F$2)) -> 11599194 | D17: =D16-E17 -> 1.9533995e+09 | E17: =C17-F17 -> 5884615.8 | F17: =IF(B17<=$F$1,D16*$B$3/12,D16*$B$4/12) -> 5714578.6
B18: =B17+1 -> 9 | C18: =IF(AND($F$1<=$B$2,B18<=$F$1),($B$1*($B$3/12))/(1-1/(1+$B$3/12)^$B$2),($B$5*($B$4/12))/(1-1/(1+$B$4/12)^$F$2)) -> 11599194 | D18: =D17-E18 -> 1.9474977e+09 | E18: =C18-F18 -> 5901779.2 | F18: =IF(B18<=$F$1,D17*$B$3/12,D17*$B$4/12) -> 5697415.1
B19: =B18+1 -> 10 | C19: =IF(AND($F$1<=$B$2,B19<=$F$1),($B$1*($B$3/12))/(1-1/(1+$B$3/12)^$B$2),($B$5*($B$4/12))/(1-1/(1+$B$4/12)^$F$2)) -> 11599194 | D19: =D18-E19 -> 1.9415787e+09 | E19: =C19-F19 -> 5918992.7 | F19: =IF(B19<=$F$1,D18*$B$3/12,D18*$B$4/12) -> 5680201.6
B20: =B19+1 -> 11 | C20: =IF(AND($F$1<=$B$2,B20<=$F$1),($B$1*($B$3/12))/(1-1/(1+$B$3/12)^$B$2),($B$5*($B$4/12))/(1-1/(1+$B$4/12)^$F$2)) -> 11599194 | D20: =D19-E20 -> 1.9356424e+09 | E20: =C20-F20 -> 5936256.5 | F20: =IF(B20<=$F$1,D19*$B$3/12,D19*$B$4/12) -> 5662937.9
B21: =B20+1 -> 12 | C21: =IF(AND($F$1<=$B$2,B21<=$F$1),($B$1*($B$3/12))/(1-1/(1+$B$3/12)^$B$2),($B$5*($B$4/12))/(1-1/(1+$B$4/12)^$F$2)) -> 11599194 | D21: =D20-E21 -> 1.9296889e+09 | E21: =C21-F21 -> 5953570.6 | F21: =IF(B21<=$F$1,D20*$B$3/12,D20*$B$4/12) -> 5645623.8
A22: Tahun 2 | B22: =B21+1 -> 13 | C22: =IF(AND($F$1<=$B$2,B22<=$F$1),($B$1*($B$3/12))/(1-1/(1+$B$3/12)^$B$2),($B$5*($B$4/12))/(1-1/(1+$B$4/12)^$F$2)) -> 11599194 | D22: =D21-E22 -> 1.9237179e+09 | E22: =C22-F22 -> 5970935.1 | F22: =IF(B22<=$F$1,D21*$B$3/12,D21*$B$4/12) -> 5628259.2
B23: =B22+1 -> 14 | C23: =IF(AND($F$1<=$B$2,B23<=$F$1),($B$1*($B$3/12))/(1-1/(1+$B$3/12)^$B$2),($B$5*($B$4/12))/(1-1/(1+$B$4/12)^$F$2)) -> 11599194 | D23: =D22-E23 -> 1.9177296e+09 | E23: =C23-F23 -> 5988350.4 | F23: =IF(B23<=$F$1,D22*$B$3/12,D22*$B$4/12) -> 5610844
B24: =B23+1 -> 15 | C24: =IF(AND($F$1<=$B$2,B24<=$F$1),($B$1*($B$3/12))/(1-1/(1+$B$3/12)^$B$2),($B$5*($B$4/12))/(1-1/(1+$B$4/12)^$F$2)) -> 11599194 | D24: =D23-E24 -> 1.9117238e+09 | E24: =C24-F24 -> 6005816.4 | F24: =IF(B24<=$F$1,D23*$B$3/12,D23*$B$4/12) -> 5593378
B25: =B24+1 -> 16 | C25: =IF(AND($F$1<=$B$2,B25<=$F$1),($B$1*($B$3/12))/(1-1/(1+$B$3/12)^$B$2),($B$5*($B$4/12))/(1-1/(1+$B$4/12)^$F$2)) -> 11599194 | D25: =D24-E25 -> 1.9057004e+09 | E25: =C25-F25 -> 6023333.3 | F25: =IF(B25<=$F$1,D24*$B$3/12,D24*$B$4/12) -> 5575861
B26: =B25+1 -> 17 | C26: =IF(AND($F$1<=$B$2,B26<=$F$1),($B$1*($B$3/12))/(1-1/(1+$B$3/12)^$B$2),($B$5*($B$4/12))/(1-1/(1+$B$4/12)^$F$2)) -> 11599194 | D26: =D25-E26 -> 1.8996595e+09 | E26: =C26-F26 -> 6040901.4 | F26: =IF(B26<=$F$1,D25*$B$3/12,D25*$B$4/12) -> 5558293
B27: =B26+1 -> 18 | C27: =IF(AND($F$1<=$B$2,B27<=$F$1),($B$1*($B$3/12))/(1-1/(1+$B$3/12)^$B$2),($B$5*($B$4/12))/(1-1/(1+$B$4/12)^$F$2)) -> 11599194 | D27: =D26-E27 -> 1.893601e+09 | E27: =C27-F27 -> 6058520.7 | F27: =IF(B27<=$F$1,D26*$B$3/12,D26*$B$4/12) -> 5540673.7
B28: =B27+1 -> 19 | C28: =IF(AND($F$1<=$B$2,B28<=$F$1),($B$1*($B$3/12))/(1-1/(1+$B$3/12)^$B$2),($B$5*($B$4/12))/(1-1/(1+$B$4/12)^$F$2)) -> 11599194 | D28: =D27-E28 -> 1.8875248e+09 | E28: =C28-F28 -> 6076191.4 | F28: =IF(B28<=$F$1,D27*$B$3/12,D27*$B$4/12) -> 5523003
B29: =B28+1 -> 20 | C29: =IF(AND($F$1<=$B$2,B29<=$F$1),($B$1*($B$3/12))/(1-1/(1+$B$3/12)^$B$2),($B$5*($B$4/12))/(1-1/(1+$B$4/12)^$F$2)) -> 11599194 | D29: =D28-E29 -> 1.8814309e+09 | E29: =C29-F29 -> 6093913.6 | F29: =IF(B29<=$F$1,D28*$B$3/12,D28*$B$4/12) -> 5505280.8
B30: =B29+1 -> 21 | C30: =IF(AND($F$1<=$B$2,B30<=$F$1),($B$1*($B$3/12))/(1-1/(1+$B$3/12)^$B$2),($B$5*($B$4/12))/(1-1/(1+$B$4/12)^$F$2)) -> 11599194 | D30: =D29-E30 -> 1.8753192e+09 | E30: =C30-F30 -> 6111687.5 | F30: =IF(B30<=$F$1,D29*$B$3/12,D29*$B$4/12) -> 5487506.8
B31: =B30+1 -> 22 | C31: =IF(AND($F$1<=$B$2,B31<=$F$1),($B$1*($B$3/12))/(1-1/(1+$B$3/12)^$B$2),($B$5*($B$4/12))/(1-1/(1+$B$4/12)^$F$2)) -> 11599194 | D31: =D30-E31 -> 1.8691897e+09 | E31: =C31-F31 -> 6129513.3 | F31: =IF(B31<=$F$1,D30*$B$3/12,D30*$B$4/12) -> 5469681.1
B32: =B31+1 -> 23 | C32: =IF(AND($F$1<=$B$2,B32<=$F$1),($B$1*($B$3/12))/(1-1/(1+$B$3/12)^$B$2),($B$5*($B$4/12))/(1-1/(1+$B$4/12)^$F$2)) -> 11599194 | D32: =D31-E32 -> 1.8630423e+09 | E32: =C32-F32 -> 6147391 | F32: =IF(B32<=$F$1,D31*$B$3/12,D31*$B$4/12) -> 5451803.3
B33: =B32+1 -> 24 | C33: =IF(AND($F$1<=$B$2,B33<=$F$1),($B$1*($B$3/12))/(1-1/(1+$B$3/12)^$B$2),($B$5*($B$4/12))/(1-1/(1+$B$4/12)^$F$2)) -> 11599194 | D33: =D32-E33 -> 1.856877e+09 | E33: =C33-F33 -> 6165320.9 | F33: =IF(B33<=$F$1,D32*$B$3/12,D32*$B$4/12) -> 5433873.4
A34: Tahun 3 | B34: =B33+1 -> 25 | C34: =IF(AND($F$1<=$B$2,B34<=$F$1),($B$1*($B$3/12))/(1-1/(1+$B$3/12)^$B$2),($B$5*($B$4/12))/(1-1/(1+$B$4/12)^$F$2)) -> 11599194 | D34: =D33-E34 -> 1.8506937e+09 | E34: =C34-F34 -> 6183303.1 | F34: =IF(B34<=$F$1,D33*$B$3/12,D33*$B$4/12) -> 5415891.3
B35: =B34+1 -> 26 | C35: =IF(AND($F$1<=$B$2,B35<=$F$1),($B$1*($B$3/12))/(1-1/(1+$B$3/12)^$B$2),($B$5*($B$4/12))/(1-1/(1+$B$4/12)^$F$2)) -> 11599194 | D35: =D34-E35 -> 1.8444924e+09 | E35: =C35-F35 -> 6201337.7 | F35: =IF(B35<=$F$1,D34*$B$3/12,D34*$B$4/12) -> 5397856.6
B36: =B35+1 -> 27 | C36: =IF(AND($F$1<=$B$2,B36<=$F$1),($B$1*($B$3/12))/(1-1/(1+$B$3/12)^$B$2),($B$5*($B$4/12))/(1-1/(1+$B$4/12)^$F$2)) -> 11599194 | D36: =D35-E36 -> 1.8382729e+09 | E36: =C36-F36 -> 6219425 | F36: =IF(B36<=$F$1,D35*$B$3/12,D35*$B$4/12) -> 5379769.4
B37: =B36+1 -> 28 | C37: =IF(AND($F$1<=$B$2,B37<=$F$1),($B$1*($B$3/12))/(1-1/(1+$B$3/12)^$B$2),($B$5*($B$4/12))/(1-1/(1+$B$4/12)^$F$2)) -> 11599194 | D37: =D36-E37 -> 1.8320354e+09 | E37: =C37-F37 -> 6237565 | F37: =IF(B37<=$F$1,D36*$B$3/12,D36*$B$4/12) -> 5361629.4
B38: =B37+1 -> 29 | C38: =IF(AND($F$1<=$B$2,B38<=$F$1),($B$1*($B$3/12))/(1-1/(1+$B$3/12)^$B$2),($B$5*($B$4/12))/(1-1/(1+$B$4/12)^$F$2)) -> 11599194 | D38: =D37-E38 -> 1.8257796e+09 | E38: =C38-F38 -> 6255757.9 | F38: =IF(B38<=$F$1,D37*$B$3/12,D37*$B$4/12) -> 5343436.5
B39: =B38+1 -> 30 | C39: =IF(AND($F$1<=$B$2,B39<=$F$1),($B$1*($B$3/12))/(1-1/(1+$B$3/12)^$B$2),($B$5*($B$4/12))/(1-1/(1+$B$4/12)^$F$2)) -> 11599194 | D39: =D38-E39 -> 1.8195056e+09 | E39: =C39-F39 -> 6274003.8 | F39: =IF(B39<=$F$1,D38*$B$3/12,D38*$B$4/12) -> 5325190.5
B40: =B39+1 -> 31 | C40: =IF(AND($F$1<=$B$2,B40<=$F$1),($B$1*($B$3/12))/(1-1/(1+$B$3/12)^$B$2),($B$5*($B$4/12))/(1-1/(1+$B$4/12)^$F$2)) -> 11599194 | D40: =D39-E40 -> 1.8132133e+09 | E40: =C40-F40 -> 6292303 | F40: =IF(B40<=$F$1,D39*$B$3/12,D39*$B$4/12) -> 5306891.4
B41: =B40+1 -> 32 | C41: =IF(AND($F$1<=$B$2,B41<=$F$1),($B$1*($B$3/12))/(1-1/(1+$B$3/12)^$B$2),($B$5*($B$4/12))/(1-1/(1+$B$4/12)^$F$2)) -> 11599194 | D41: =D40-E41 -> 1.8069027e+09 | E41: =C41-F41 -> 6310655.5 | F41: =IF(B41<=$F$1,D40*$B$3/12,D40*$B$4/12) -> 5288538.8
B42: =B41+1 -> 33 | C42: =IF(AND($F$1<=$B$2,B42<=$F$1),($B$1*($B$3/12))/(1-1/(1+$B$3/12)^$B$2),($B$5*($B$4/12))/(1-1/(1+$B$4/12)^$F$2)) -> 11599194 | D42: =D41-E42 -> 1.8005736e+09 | E42: =C42-F42 -> 6329061.6 | F42: =IF(B42<=$F$1,D41*$B$3/12,D41*$B$4/12) -> 5270132.7
B43: =B42+1 -> 34 | C43: =IF(AND($F$1<=$B$2,B43<=$F$1),($B$1*($B$3/12))/(1-1/(1+$B$3/12)^$B$2),($B$5*($B$4/12))/(1-1/(1+$B$4/12)^$F$2)) -> 11599194 | D43: =D42-E43 -> 1.7942261e+09 | E43: =C43-F43 -> 6347521.4 | F43: =IF(B43<=$F$1,D42*$B$3/12,D42*$B$4/12) -> 5251673
B44: =B43+1 -> 35 | C44: =IF(AND($F$1<=$B$2,B44<=$F$1),($B$1*($B$3/12))/(1-1/(1+$B$3/12)^$B$2),($B$5*($B$4/12))/(1-1/(1+$B$4/12)^$F$2)) -> 11599194 | D44: =D43-E44 -> 1.78786e+09 | E44: =C44-F44 -> 6366035 | F44: =IF(B44<=$F$1,D43*$B$3/12,D43*$B$4/12) -> 5233159.4
B45: =B44+1 -> 36 | C45: =IF(AND($F$1<=$B$2,B45<=$F$1),($B$1*($B$3/12))/(1-1/(1+$B$3/12)^$B$2),($B$5*($B$4/12))/(1-1/(1+$B$4/12)^$F$2)) -> 11599194 | D45: =D44-E45 -> 1.7814754e+09 | E45: =C45-F45 -> 6384602.6 | F45: =IF(B45<=$F$1,D44*$B$3/12,D44*$B$4/12) -> 5214591.8
A46: Tahun 4 | B46: =B45+1 -> 37 | C46: =IF(AND($F$1<=$B$2,B46<=$F$1),($B$1*($B$3/12))/(1-1/(1+$B$3/12)^$B$2),($B$5*($B$4/12))/(1-1/(1+$B$4/12)^$F$2)) -> 11599194 | D46: =D45-E46 -> 1.7750722e+09 | E46: =C46-F46 -> 6403224.4 | F46: =IF(B46<=$F$1,D45*$B$3/12,D45*$B$4/12) -> 5195970
B47: =B46+1 -> 38 | C47: =IF(AND($F$1<=$B$2,B47<=$F$1),($B$1*($B$3/12))/(1-1/(1+$B$3/12)^$B$2),($B$5*($B$4/12))/(1-1/(1+$B$4/12)^$F$2)) -> 11599194 | D47: =D46-E47 -> 1.7686503e+09 | E47: =C47-F47 -> 6421900.4 | F47: =IF(B47<=$F$1,D46*$B$3/12,D46*$B$4/12) -> 5177293.9
B48: =B47+1 -> 39 | C48: =IF(AND($F$1<=$B$2,B48<=$F$1),($B$1*($B$3/12))/(1-1/(1+$B$3/12)^$B$2),($B$5*($B$4/12))/(1-1/(1+$B$4/12)^$F$2)) -> 11599194 | D48: =D47-E48 -> 1.7622097e+09 | E48: =C48-F48 -> 6440631 | F48: =IF(B48<=$F$1,D47*$B$3/12,D47*$B$4/12) -> 5158563.4
B49: =B48+1 -> 40 | C49: =IF(AND($F$1<=$B$2,B49<=$F$1),($B$1*($B$3/12))/(1-1/(1+$B$3/12)^$B$2),($B$5*($B$4/12))/(1-1/(1+$B$4/12)^$F$2)) -> 11599194 | D49: =D48-E49 -> 1.7557503e+09 | E49: =C49-F49 -> 6459416.1 | F49: =IF(B49<=$F$1,D48*$B$3/12,D48*$B$4/12) -> 5139778.2
B50: =B49+1 -> 41 | C50: =IF(AND($F$1<=$B$2,B50<=$F$1),($B$1*($B$3/12))/(1-1/(1+$B$3/12)^$B$2),($B$5*($B$4/12))/(1-1/(1+$B$4/12)^$F$2)) -> 11599194 | D50: =D49-E50 -> 1.749272e+09 | E50: =C50-F50 -> 6478256.1 | F50: =IF(B50<=$F$1,D49*$B$3/12,D49*$B$4/12) -> 5120938.3
B51: =B50+1 -> 42 | C51: =IF(AND($F$1<=$B$2,B51<=$F$1),($B$1*($B$3/12))/(1-1/(1+$B$3/12)^$B$2),($B$5*($B$4/12))/(1-1/(1+$B$4/12)^$F$2)) -> 11599194 | D51: =D50-E51 -> 1.7427749e+09 | E51: =C51-F51 -> 6497151 | F51: =IF(B51<=$F$1,D50*$B$3/12,D50*$B$4/12) -> 5102043.3
B52: =B51+1 -> 43 | C52: =IF(AND($F$1<=$B$2,B52<=$F$1),($B$1*($B$3/12))/(1-1/(1+$B$3/12)^$B$2),($B$5*($B$4/12))/(1-1/(1+$B$4/12)^$F$2)) -> 11599194 | D52: =D51-E52 -> 1.7362588e+09 | E52: =C52-F52 -> 6516101 | F52: =IF(B52<=$F$1,D51*$B$3/12,D51*$B$4/12) -> 5083093.3
B53: =B52+1 -> 44 | C53: =IF(AND($F$1<=$B$2,B53<=$F$1),($B$1*($B$3/12))/(1-1/(1+$B$3/12)^$B$2),($B$5*($B$4/12))/(1-1/(1+$B$4/12)^$F$2)) -> 11599194 | D53: =D52-E53 -> 1.7297236e+09 | E53: =C53-F53 -> 6535106.3 | F53: =IF(B53<=$F$1,D52*$B$3/12,D52*$B$4/12) -> 5064088
B54: =B53+1 -> 45 | C54: =IF(AND($F$1<=$B$2,B54<=$F$1),($B$1*($B$3/12))/(1-1/(1+$B$3/12)^$B$2),($B$5*($B$4/12))/(1-1/(1+$B$4/12)^$F$2)) -> 11599194 | D54: =D53-E54 -> 1.7231695e+09 | E54: =C54-F54 -> 6554167.1 | F54: =IF(B54<=$F$1,D53*$B$3/12,D53*$B$4/12) -> 5045027.3
B55: =B54+1 -> 46 | C55: =IF(AND($F$1<=$B$2,B55<=$F$1),($B$1*($B$3/12))/(1-1/(1+$B$3/12)^$B$2),($B$5*($B$4/12))/(1-1/(1+$B$4/12)^$F$2)) -> 11599194 | D55: =D54-E55 -> 1.7165962e+09 | E55: =C55-F55 -> 6573283.4 | F55: =IF(B55<=$F$1,D54*$B$3/12,D54*$B$4/12) -> 5025911
B56: =B55+1 -> 47 | C56: =IF(AND($F$1<=$B$2,B56<=$F$1),($B$1*($B$3/12))/(1-1/(1+$B$3/12)^$B$2),($B$5*($B$4/12))/(1-1/(1+$B$4/12)^$F$2)) -> 11599194 | D56: =D55-E56 -> 1.7100037e+09 | E56: =C56-F56 -> 6592455.5 | F56: =IF(B56<=$F$1,D55*$B$3/12,D55*$B$4/12) -> 5006738.9
B57: =B56+1 -> 48 | C57: =IF(AND($F$1<=$B$2,B57<=$F$1),($B$1*($B$3/12))/(1-1/(1+$B$3/12)^$B$2),($B$5*($B$4/12))/(1-1/(1+$B$4/12)^$F$2)) -> 11599194 | D57: =D56-E57 -> 1.7033921e+09 | E57: =C57-F57 -> 6611683.5 | F57: =IF(B57<=$F$1,D56*$B$3/12,D56*$B$4/12) -> 4987510.9
A58: Tahun 5 | B58: =B57+1 -> 49 | C58: =IF(AND($F$1<=$B$2,B58<=$F$1),($B$1*($B$3/12))/(1-1/(1+$B$3/12)^$B$2),($B$5*($B$4/12))/(1-1/(1+$B$4/12)^$F$2)) -> 11599194 | D58: =D57-E58 -> 1.6967611e+09 | E58: =C58-F58 -> 6630967.5 | F58: =IF(B58<=$F$1,D57*$B$3/12,D57*$B$4/12) -> 4968226.8
B59: =B58+1 -> 50 | C59: =IF(AND($F$1<=$B$2,B59<=$F$1),($B$1*($B$3/12))/(1-1/(1+$B$3/12)^$B$2),($B$5*($B$4/12))/(1-1/(1+$B$4/12)^$F$2)) -> 11599194 | D59: =D58-E59 -> 1.6901108e+09 | E59: =C59-F59 -> 6650307.9 | F59: =IF(B59<=$F$1,D58*$B$3/12,D58*$B$4/12) -> 4948886.5
B60: =B59+1 -> 51 | C60: =IF(AND($F$1<=$B$2,B60<=$F$1),($B$1*($B$3/12))/(1-1/(1+$B$3/12)^$B$2),($B$5*($B$4/12))/(1-1/(1+$B$4/12)^$F$2)) -> 11599194 | D60: =D59-E60 -> 1.6834411e+09 | E60: =C60-F60 -> 6669704.6 | F60: =IF(B60<=$F$1,D59*$B$3/12,D59*$B$4/12) -> 4929489.8
B61: =B60+1 -> 52 | C61: =IF(AND($F$1<=$B$2,B61<=$F$1),($B$1*($B$3/12))/(1-1/(1+$B$3/12)^$B$2),($B$5*($B$4/12))/(1-1/(1+$B$4/12)^$F$2)) -> 11599194 | D61: =D60-E61 -> 1.6767519e+09 | E61: =C61-F61 -> 6689157.9 | F61: =IF(B61<=$F$1,D60*$B$3/12,D60*$B$4/12) -> 4910036.5
B62: =B61+1 -> 53 | C62: =IF(AND($F$1<=$B$2,B62<=$F$1),($B$1*($B$3/12))/(1-1/(1+$B$3/12)^$B$2),($B$5*($B$4/12))/(1-1/(1+$B$4/12)^$F$2)) -> 11599194 | D62: =D61-E62 -> 1.6700432e+09 | E62: =C62-F62 -> 6708667.9 | F62: =IF(B62<=$F$1,D61*$B$3/12,D61*$B$4/12) -> 4890526.4
B63: =B62+1 -> 54 | C63: =IF(AND($F$1<=$B$2,B63<=$F$1),($B$1*($B$3/12))/(1-1/(1+$B$3/12)^$B$2),($B$5*($B$4/12))/(1-1/(1+$B$4/12)^$F$2)) -> 11599194 | D63: =D62-E63 -> 1.663315e+09 | E63: =C63-F63 -> 6728234.9 | F63: =IF(B63<=$F$1,D62*$B$3/12,D62*$B$4/12) -> 4870959.5
B64: =B63+1 -> 55 | C64: =IF(AND($F$1<=$B$2,B64<=$F$1),($B$1*($B$3/12))/(1-1/(1+$B$3/12)^$B$2),($B$5*($B$4/12))/(1-1/(1+$B$4/12)^$F$2)) -> 11599194 | D64: =D63-E64 -> 1.6565672e+09 | E64: =C64-F64 -> 6747858.9 | F64: =IF(B64<=$F$1,D63*$B$3/12,D63*$B$4/12) -> 4851335.5
B65: =B64+1 -> 56 | C65: =IF(AND($F$1<=$B$2,B65<=$F$1),($B$1*($B$3/12))/(1-1/(1+$B$3/12)^$B$2),($B$5*($B$4/12))/(1-1/(1+$B$4/12)^$F$2)) -> 11599194 | D65: =D64-E65 -> 1.6497996e+09 | E65: =C65-F65 -> 6767540.2 | F65: =IF(B65<=$F$1,D64*$B$3/12,D64*$B$4/12) -> 4831654.2
B66: =B65+1 -> 57 | C66: =IF(AND($F$1<=$B$2,B66<=$F$1),($B$1*($B$3/12))/(1-1/(1+$B$3/12)^$B$2),($B$5*($B$4/12))/(1-1/(1+$B$4/12)^$F$2)) -> 11599194 | D66: =D65-E66 -> 1.6430123e+09 | E66: =C66-F66 -> 6787278.8 | F66: =IF(B66<=$F$1,D65*$B$3/12,D65*$B$4/12) -> 4811915.5
B67: =B66+1 -> 58 | C67: =IF(AND($F$1<=$B$2,B67<=$F$1),($B$1*($B$3/12))/(1-1/(1+$B$3/12)^$B$2),($B$5*($B$4/12))/(1-1/(1+$B$4/12)^$F$2)) -> 11599194 | D67: =D66-E67 -> 1.6362053e+09 | E67: =C67-F67 -> 6807075 | F67: =IF(B67<=$F$1,D66*$B$3/12,D66*$B$4/12) -> 4792119.3
B68: =B67+1 -> 59 | C68: =IF(AND($F$1<=$B$2,B68<=$F$1),($B$1*($B$3/12))/(1-1/(1+$B$3/12)^$B$2),($B$5*($B$4/12))/(1-1/(1+$B$4/12)^$F$2)) -> 11599194 | D68: =D67-E68 -> 1.6293783e+09 | E68: =C68-F68 -> 6826929 | F68: =IF(B68<=$F$1,D67*$B$3/12,D67*$B$4/12) -> 4772265.3
B69: =B68+1 -> 60 | C69: =IF(AND($F$1<=$B$2,B69<=$F$1),($B$1*($B$3/12))/(1-1/(1+$B$3/12)^$B$2),($B$5*($B$4/12))/(1-1/(1+$B$4/12)^$F$2)) -> 11599194 | D69: =D68-E69 -> 1.6225315e+09 | E69: =C69-F69 -> 6846840.9 | F69: =IF(B69<=$F$1,D68*$B$3/12,D68*$B$4/12) -> 4752353.5
A70: Tahun 6 | B70: =B69+1 -> 61 | C70: =IF(AND($F$1<=$B$2,B70<=$F$1),($B$1*($B$3/12))/(1-1/(1+$B$3/12)^$B$2),($B$5*($B$4/12))/(1-1/(1+$B$4/12)^$F$2)) -> 19473105 | D70: =D69-E70 -> 1.6192837e+09 | E70: =C70-F70 -> 3247789.8 | F70: =IF(B70<=$F$1,D69*$B$3/12,D69*$B$4/12) -> 16225315
B71: =B70+1 -> 62 | C71: =IF(AND($F$1<=$B$2,B71<=$F$1),($B$1*($B$3/12))/(1-1/(1+$B$3/12)^$B$2),($B$5*($B$4/12))/(1-1/(1+$B$4/12)^$F$2)) -> 19473105 | D71: =D70-E71 -> 1.6160034e+09 | E71: =C71-F71 -> 3280267.7 | F71: =IF(B71<=$F$1,D70*$B$3/12,D70*$B$4/12) -> 16192837
B72: =B71+1 -> 63 | C72: =IF(AND($F$1<=$B$2,B72<=$F$1),($B$1*($B$3/12))/(1-1/(1+$B$3/12)^$B$2),($B$5*($B$4/12))/(1-1/(1+$B$4/12)^$F$2)) -> 19473105 | D72: =D71-E72 -> 1.6126904e+09 | E72: =C72-F72 -> 3313070.4 | F72: =IF(B72<=$F$1,D71*$B$3/12,D71*$B$4/12) -> 16160034
B73: =B72+1 -> 64 | C73: =IF(AND($F$1<=$B$2,B73<=$F$1),($B$1*($B$3/12))/(1-1/(1+$B$3/12)^$B$2),($B$5*($B$4/12))/(1-1/(1+$B$4/12)^$F$2)) -> 19473105 | D73: =D72-E73 -> 1.6093442e+09 | E73: =C73-F73 -> 3346201.1 | F73: =IF(B73<=$F$1,D72*$B$3/12,D72*$B$4/12) -> 16126904
B74: =B73+1 -> 65 | C74: =IF(AND($F$1<=$B$2,B74<=$F$1),($B$1*($B$3/12))/(1-1/(1+$B$3/12)^$B$2),($B$5*($B$4/12))/(1-1/(1+$B$4/12)^$F$2)) -> 19473105 | D74: =D73-E74 -> 1.6059645e+09 | E74: =C74-F74 -> 3379663.1 | F74: =IF(B74<=$F$1,D73*$B$3/12,D73*$B$4/12) -> 16093442
B75: =B74+1 -> 66 | C75: =IF(AND($F$1<=$B$2,B75<=$F$1),($B$1*($B$3/12))/(1-1/(1+$B$3/12)^$B$2),($B$5*($B$4/12))/(1-1/(1+$B$4/12)^$F$2)) -> 19473105 | D75: =D74-E75 -> 1.602551e+09 | E75: =C75-F75 -> 3413459.8 | F75: =IF(B75<=$F$1,D74*$B$3/12,D74*$B$4/12) -> 16059645
B76: =B75+1 -> 67 | C76: =IF(AND($F$1<=$B$2,B76<=$F$1),($B$1*($B$3/12))/(1-1/(1+$B$3/12)^$B$2),($B$5*($B$4/12))/(1-1/(1+$B$4/12)^$F$2)) -> 19473105 | D76: =D75-E76 -> 1.5991034e+09 | E76: =C76-F76 -> 3447594.4 | F76: =IF(B76<=$F$1,D75*$B$3/12,D75*$B$4/12) -> 16025510
B77: =B76+1 -> 68 | C77: =IF(AND($F$1<=$B$2,B77<=$F$1),($B$1*($B$3/12))/(1-1/(1+$B$3/12)^$B$2),($B$5*($B$4/12))/(1-1/(1+$B$4/12)^$F$2)) -> 19473105 | D77: =D76-E77 -> 1.5956214e+09 | E77: =C77-F77 -> 3482070.3 | F77: =IF(B77<=$F$1,D76*$B$3/12,D76*$B$4/12) -> 15991034
B78: =B77+1 -> 69 | C78: =IF(AND($F$1<=$B$2,B78<=$F$1),($B$1*($B$3/12))/(1-1/(1+$B$3/12)^$B$2),($B$5*($B$4/12))/(1-1/(1+$B$4/12)^$F$2)) -> 19473105 | D78: =D77-E78 -> 1.5921045e+09 | E78: =C78-F78 -> 3516891 | F78: =IF(B78<=$F$1,D77*$B$3/12,D77*$B$4/12) -> 15956214
B79: =B78+1 -> 70 | C79: =IF(AND($F$1<=$B$2,B79<=$F$1),($B$1*($B$3/12))/(1-1/(1+$B$3/12)^$B$2),($B$5*($B$4/12))/(1-1/(1+$B$4/12)^$F$2)) -> 19473105 | D79: =D78-E79 -> 1.5885524e+09 | E79: =C79-F79 -> 3552059.9 | F79: =IF(B79<=$F$1,D78*$B$3/12,D78*$B$4/12) -> 15921045
B80: =B79+1 -> 71 | C80: =IF(AND($F$1<=$B$2,B80<=$F$1),($B$1*($B$3/12))/(1-1/(1+$B$3/12)^$B$2),($B$5*($B$4/12))/(1-1/(1+$B$4/12)^$F$2)) -> 19473105 | D80: =D79-E80 -> 1.5849648e+09 | E80: =C80-F80 -> 3587580.5 | F80: =IF(B80<=$F$1,D79*$B$3/12,D79*$B$4/12) -> 15885524
B81: =B80+1 -> 72 | C81: =IF(AND($F$1<=$B$2,B81<=$F$1),($B$1*($B$3/12))/(1-1/(1+$B$3/12)^$B$2),($B$5*($B$4/12))/(1-1/(1+$B$4/12)^$F$2)) -> 19473105 | D81: =D80-E81 -> 1.5813414e+09 | E81: =C81-F81 -> 3623456.3 | F81: =IF(B81<=$F$1,D80*$B$3/12,D80*$B$4/12) -> 15849648
A82: Tahun 7 | B82: =B81+1 -> 73 | C82: =IF(AND($F$1<=$B$2,B82<=$F$1),($B$1*($B$3/12))/(1-1/(1+$B$3/12)^$B$2),($B$5*($B$4/12))/(1-1/(1+$B$4/12)^$F$2)) -> 19473105 | D82: =D81-E82 -> 1.5776817e+09 | E82: =C82-F82 -> 3659690.9 | F82: =IF(B82<=$F$1,D81*$B$3/12,D81*$B$4/12) -> 15813414
B83: =B82+1 -> 74 | C83: =IF(AND($F$1<=$B$2,B83<=$F$1),($B$1*($B$3/12))/(1-1/(1+$B$3/12)^$B$2),($B$5*($B$4/12))/(1-1/(1+$B$4/12)^$F$2)) -> 19473105 | D83: =D82-E83 -> 1.5739854e+09 | E83: =C83-F83 -> 3696287.8 | F83: =IF(B83<=$F$1,D82*$B$3/12,D82*$B$4/12) -> 15776817
B84: =B83+1 -> 75 | C84: =IF(AND($F$1<=$B$2,B84<=$F$1),($B$1*($B$3/12))/(1-1/(1+$B$3/12)^$B$2),($B$5*($B$4/12))/(1-1/(1+$B$4/12)^$F$2)) -> 19473105 | D84: =D83-E84 -> 1.5702522e+09 | E84: =C84-F84 -> 3733250.7 | F84: =IF(B84<=$F$1,D83*$B$3/12,D83*$B$4/12) -> 15739854
B85: =B84+1 -> 76 | C85: =IF(AND($F$1<=$B$2,B85<=$F$1),($B$1*($B$3/12))/(1-1/(1+$B$3/12)^$B$2),($B$5*($B$4/12))/(1-1/(1+$B$4/12)^$F$2)) -> 19473105 | D85: =D84-E85 -> 1.5664816e+09 | E85: =C85-F85 -> 3770583.2 | F85: =IF(B85<=$F$1,D84*$B$3/12,D84*$B$4/12) -> 15702522
B86: =B85+1 -> 77 | C86: =IF(AND($F$1<=$B$2,B86<=$F$1),($B$1*($B$3/12))/(1-1/(1+$B$3/12)^$B$2),($B$5*($B$4/12))/(1-1/(1+$B$4/12)^$F$2)) -> 19473105 | D86: =D85-E86 -> 1.5626733e+09 | E86: =C86-F86 -> 3808289 | F86: =IF(B86<=$F$1,D85*$B$3/12,D85*$B$4/12) -> 15664816
B87: =B86+1 -> 78 | C87: =IF(AND($F$1<=$B$2,B87<=$F$1),($B$1*($B$3/12))/(1-1/(1+$B$3/12)^$B$2),($B$5*($B$4/12))/(1-1/(1+$B$4/12)^$F$2)) -> 19473105 | D87: =D86-E87 -> 1.5588269e+09 | E87: =C87-F87 -> 3846371.9 | F87: =IF(B87<=$F$1,D86*$B$3/12,D86*$B$4/12) -> 15626733
B88: =B87+1 -> 79 | C88: =IF(AND($F$1<=$B$2,B88<=$F$1),($B$1*($B$3/12))/(1-1/(1+$B$3/12)^$B$2),($B$5*($B$4/12))/(1-1/(1+$B$4/12)^$F$2)) -> 19473105 | D88: =D87-E88 -> 1.5549421e+09 | E88: =C88-F88 -> 3884835.6 | F88: =IF(B88<=$F$1,D87*$B$3/12,D87*$B$4/12) -> 15588269
B89: =B88+1 -> 80 | C89: =IF(AND($F$1<=$B$2,B89<=$F$1),($B$1*($B$3/12))/(1-1/(1+$B$3/12)^$B$2),($B$5*($B$4/12))/(1-1/(1+$B$4/12)^$F$2)) -> 19473105 | D89: =D88-E89 -> 1.5510184e+09 | E89: =C89-F89 -> 3923684 | F89: =IF(B89<=$F$1,D88*$B$3/12,D88*$B$4/12) -> 15549421
B90: =B89+1 -> 81 | C90: =IF(AND($F$1<=$B$2,B90<=$F$1),($B$1*($B$3/12))/(1-1/(1+$B$3/12)^$B$2),($B$5*($B$4/12))/(1-1/(1+$B$4/12)^$F$2)) -> 19473105 | D90: =D89-E90 -> 1.5470555e+09 | E90: =C90-F90 -> 3962920.8 | F90: =IF(B90<=$F$1,D89*$B$3/12,D89*$B$4/12) -> 15510184
B91: =B90+1 -> 82 | C91: =IF(AND($F$1<=$B$2,B91<=$F$1),($B$1*($B$3/12))/(1-1/(1+$B$3/12)^$B$2),($B$5*($B$4/12))/(1-1/(1+$B$4/12)^$F$2)) -> 19473105 | D91: =D90-E91 -> 1.5430529e+09 | E91: =C91-F91 -> 4002550 | F91: =IF(B91<=$F$1,D90*$B$3/12,D90*$B$4/12) -> 15470555
B92: =B91+1 -> 83 | C92: =IF(AND($F$1<=$B$2,B92<=$F$1),($B$1*($B$3/12))/(1-1/(1+$B$3/12)^$B$2),($B$5*($B$4/12))/(1-1/(1+$B$4/12)^$F$2)) -> 19473105 | D92: =D91-E92 -> 1.5390103e+09 | E92: =C92-F92 -> 4042575.5 | F92: =IF(B92<=$F$1,D91*$B$3/12,D91*$B$4/12) -> 15430529
B93: =B92+1 -> 84 | C93: =IF(AND($F$1<=$B$2,B93<=$F$1),($B$1*($B$3/12))/(1-1/(1+$B$3/12)^$B$2),($B$5*($B$4/12))/(1-1/(1+$B$4/12)^$F$2)) -> 19473105 | D93: =D92-E93 -> 1.5349273e+09 | E93: =C93-F93 -> 4083001.3 | F93: =IF(B93<=$F$1,D92*$B$3/12,D92*$B$4/12) -> 15390103
A94: Tahun 8 | B94: =B93+1 -> 85 | C94: =IF(AND($F$1<=$B$2,B94<=$F$1),($B$1*($B$3/12))/(1-1/(1+$B$3/12)^$B$2),($B$5*($B$4/12))/(1-1/(1+$B$4/12)^$F$2)) -> 19473105 | D94: =D93-E94 -> 1.5308035e+09 | E94: =C94-F94 -> 4123831.3 | F94: =IF(B94<=$F$1,D93*$B$3/12,D93*$B$4/12) -> 15349273
B95: =B94+1 -> 86 | C95: =IF(AND($F$1<=$B$2,B95<=$F$1),($B$1*($B$3/12))/(1-1/(1+$B$3/12)^$B$2),($B$5*($B$4/12))/(1-1/(1+$B$4/12)^$F$2)) -> 19473105 | D95: =D94-E95 -> 1.5266384e+09 | E95: =C95-F95 -> 4165069.6 | F95: =IF(B95<=$F$1,D94*$B$3/12,D94*$B$4/12) -> 15308035
B96: =B95+1 -> 87 | C96: =IF(AND($F$1<=$B$2,B96<=$F$1),($B$1*($B$3/12))/(1-1/(1+$B$3/12)^$B$2),($B$5*($B$4/12))/(1-1/(1+$B$4/12)^$F$2)) -> 19473105 | D96: =D95-E96 -> 1.5224317e+09 | E96: =C96-F96 -> 4206720.3 | F96: =IF(B96<=$F$1,D95*$B$3/12,D95*$B$4/12) -> 15266384
B97: =B96+1 -> 88 | C97: =IF(AND($F$1<=$B$2,B97<=$F$1),($B$1*($B$3/12))/(1-1/(1+$B$3/12)^$B$2),($B$5*($B$4/12))/(1-1/(1+$B$4/12)^$F$2)) -> 19473105 | D97: =D96-E97 -> 1.5181829e+09 | E97: =C97-F97 -> 4248787.5 | F97: =IF(B97<=$F$1,D96*$B$3/12,D96*$B$4/12) -> 15224317
B98: =B97+1 -> 89 | C98: =IF(AND($F$1<=$B$2,B98<=$F$1),($B$1*($B$3/12))/(1-1/(1+$B$3/12)^$B$2),($B$5*($B$4/12))/(1-1/(1+$B$4/12)^$F$2)) -> 19473105 | D98: =D97-E98 -> 1.5138917e+09 | E98: =C98-F98 -> 4291275.4 | F98: =IF(B98<=$F$1,D97*$B$3/12,D97*$B$4/12) -> 15181829
B99: =B98+1 -> 90 | C99: =IF(AND($F$1<=$B$2,B99<=$F$1),($B$1*($B$3/12))/(1-1/(1+$B$3/12)^$B$2),($B$5*($B$4/12))/(1-1/(1+$B$4/12)^$F$2)) -> 19473105 | D99: =D98-E99 -> 1.5095575e+09 | E99: =C99-F99 -> 4334188.1 | F99: =IF(B99<=$F$1,D98*$B$3/12,D98*$B$4/12) -> 15138917
B100: =B99+1 -> 91 | C100: =IF(AND($F$1<=$B$2,B100<=$F$1),($B$1*($B$3/12))/(1-1/(1+$B$3/12)^$B$2),($B$5*($B$4/12))/(1-1/(1+$B$4/12)^$F$2)) -> 19473105 | D100: =D99-E100 -> 1.5051799e+09 | E100: =C100-F100 -> 4377530 | F100: =IF(B100<=$F$1,D99*$B$3/12,D99*$B$4/12) -> 15095575
...

Sheet KPR 2
A1: Pokok | B1: 1622531491 | E1: Periode Bunga Fix | F1: 60 | G1: bulan
A2: Periode | B2: 180 | C2: bulan | E2: Periode Bunga Floating | F2: 120 | G2: bulan
A3: Bunga Fix | B3: 0.0475
A4: Bunga Floating | B4: 0.12
A5: Sisa Pokok Setelah Bunga Fix | B5: =VLOOKUP(F1,$B$10:$D$69,3,0) -> 1.2037043e+09
A6: Total Bunga Fix | B6: =SUMIF(B10:B69,"<="&$F$1,$F$10:$F$69) -> 3.3840686e+08
A7: Total Bunga Floating | B7: =F9-B6 -> 8.6865486e+08
A8: Tahun | B8: Periode Angsuran | C8: Jumlah Angsuran | D8: Saldo Pokok | E8: Angsuran Pokok | F8: Angsuran Bunga
A9: Tahun 1 | B9: 0 | C9: =D9+F9 -> 2.8295932e+09 | D9: =$B$1 -> 1622531491 | E9: =$B$1 -> 1622531491 | F9: =SUMIF($B$10:$B$189,"<="&$B$2,$F$10:$F$189) -> 1.2070617e+09
B10: =B9+1 -> 1 | C10: =IF(AND($F$1<=$B$2,B10<=$F$1),($B$1*($B$3/12))/(1-1/(1+$B$3/12)^$B$2),($B$5*($B$4/12))/(1-1/(1+$B$4/12)^$F$2)) -> 12620568 | D10: =D9-E10 -> 1.6163334e+09 | E10: =C10-F10 -> 6198047.3 | F10: =IF(B10<=$F$1,D9*$B$3/12,D9*$B$4/12) -> 6422520.5
B11: =B10+1 -> 2 | C11: =IF(AND($F$1<=$B$2,B11<=$F$1),($B$1*($B$3/12))/(1-1/(1+$B$3/12)^$B$2),($B$5*($B$4/12))/(1-1/(1+$B$4/12)^$F$2)) -> 12620568 | D11: =D10-E11 -> 1.6101109e+09 | E11: =C11-F11 -> 6222581.3 | F11: =IF(B11<=$F$1,D10*$B$3/12,D10*$B$4/12) -> 6397986.5
B12: =B11+1 -> 3 | C12: =IF(AND($F$1<=$B$2,B12<=$F$1),($B$1*($B$3/12))/(1-1/(1+$B$3/12)^$B$2),($B$5*($B$4/12))/(1-1/(1+$B$4/12)^$F$2)) -> 12620568 | D12: =D11-E12 -> 1.6038637e+09 | E12: =C12-F12 -> 6247212.3 | F12: =IF(B12<=$F$1,D11*$B$3/12,D11*$B$4/12) -> 6373355.5
B13: =B12+1 -> 4 | C13: =IF(AND($F$1<=$B$2,B13<=$F$1),($B$1*($B$3/12))/(1-1/(1+$B$3/12)^$B$2),($B$5*($B$4/12))/(1-1/(1+$B$4/12)^$F$2)) -> 12620568 | D13: =D12-E13 -> 1.5975917e+09 | E13: =C13-F13 -> 6271940.9 | F13: =IF(B13<=$F$1,D12*$B$3/12,D12*$B$4/12) -> 6348626.9
B14: =B13+1 -> 5 | C14: =IF(AND($F$1<=$B$2,B14<=$F$1),($B$1*($B$3/12))/(1-1/(1+$B$3/12)^$B$2),($B$5*($B$4/12))/(1-1/(1+$B$4/12)^$F$2)) -> 12620568 | D14: =D13-E14 -> 1.5912949e+09 | E14: =C14-F14 -> 6296767.3 | F14: =IF(B14<=$F$1,D13*$B$3/12,D13*$B$4/12) -> 6323800.5
B15: =B14+1 -> 6 | C15: =IF(AND($F$1<=$B$2,B15<=$F$1),($B$1*($B$3/12))/(1-1/(1+$B$3/12)^$B$2),($B$5*($B$4/12))/(1-1/(1+$B$4/12)^$F$2)) -> 12620568 | D15: =D14-E15 -> 1.5849732e+09 | E15: =C15-F15 -> 6321692 | F15: =IF(B15<=$F$1,D14*$B$3/12,D14*$B$4/12) -> 6298875.8
B16: =B15+1 -> 7 | C16: =IF(AND($F$1<=$B$2,B16<=$F$1),($B$1*($B$3/12))/(1-1/(1+$B$3/12)^$B$2),($B$5*($B$4/12))/(1-1/(1+$B$4/12)^$F$2)) -> 12620568 | D16: =D15-E16 -> 1.5786265e+09 | E16: =C16-F16 -> 6346715.4 | F16: =IF(B16<=$F$1,D15*$B$3/12,D15*$B$4/12) -> 6273852.4
B17: =B16+1 -> 8 | C17: =IF(AND($F$1<=$B$2,B17<=$F$1),($B$1*($B$3/12))/(1-1/(1+$B$3/12)^$B$2),($B$5*($B$4/12))/(1-1/(1+$B$4/12)^$F$2)) -> 12620568 | D17: =D16-E17 -> 1.5722547e+09 | E17: =C17-F17 -> 6371837.8 | F17: =IF(B17<=$F$1,D16*$B$3/12,D16*$B$4/12) -> 6248730
B18: =B17+1 -> 9 | C18: =IF(AND($F$1<=$B$2,B18<=$F$1),($B$1*($B$3/12))/(1-1/(1+$B$3/12)^$B$2),($B$5*($B$4/12))/(1-1/(1+$B$4/12)^$F$2)) -> 12620568 | D18: =D17-E18 -> 1.5658576e+09 | E18: =C18-F18 -> 6397059.6 | F18: =IF(B18<=$F$1,D17*$B$3/12,D17*$B$4/12) -> 6223508.2
B19: =B18+1 -> 10 | C19: =IF(AND($F$1<=$B$2,B19<=$F$1),($B$1*($B$3/12))/(1-1/(1+$B$3/12)^$B$2),($B$5*($B$4/12))/(1-1/(1+$B$4/12)^$F$2)) -> 12620568 | D19: =D18-E19 -> 1.5594353e+09 | E19: =C19-F19 -> 6422381.3 | F19: =IF(B19<=$F$1,D18*$B$3/12,D18*$B$4/12) -> 6198186.5
B20: =B19+1 -> 11 | C20: =IF(AND($F$1<=$B$2,B20<=$F$1),($B$1*($B$3/12))/(1-1/(1+$B$3/12)^$B$2),($B$5*($B$4/12))/(1-1/(1+$B$4/12)^$F$2)) -> 12620568 | D20: =D19-E20 -> 1.5529875e+09 | E20: =C20-F20 -> 6447803.3 | F20: =IF(B20<=$F$1,D19*$B$3/12,D19*$B$4/12) -> 6172764.6
B21: =B20+1 -> 12 | C21: =IF(AND($F$1<=$B$2,B21<=$F$1),($B$1*($B$3/12))/(1-1/(1+$B$3/12)^$B$2),($B$5*($B$4/12))/(1-1/(1+$B$4/12)^$F$2)) -> 12620568 | D21: =D20-E21 -> 1.5465141e+09 | E21: =C21-F21 -> 6473325.8 | F21: =IF(B21<=$F$1,D20*$B$3/12,D20*$B$4/12) -> 6147242
A22: Tahun 2 | B22: =B21+1 -> 13 | C22: =IF(AND($F$1<=$B$2,B22<=$F$1),($B$1*($B$3/12))/(1-1/(1+$B$3/12)^$B$2),($B$5*($B$4/12))/(1-1/(1+$B$4/12)^$F$2)) -> 12620568 | D22: =D21-E22 -> 1.5400152e+09 | E22: =C22-F22 -> 6498949.4 | F22: =IF(B22<=$F$1,D21*$B$3/12,D21*$B$4/12) -> 6121618.4
B23: =B22+1 -> 14 | C23: =IF(AND($F$1<=$B$2,B23<=$F$1),($B$1*($B$3/12))/(1-1/(1+$B$3/12)^$B$2),($B$5*($B$4/12))/(1-1/(1+$B$4/12)^$F$2)) -> 12620568 | D23: =D22-E23 -> 1.5334905e+09 | E23: =C23-F23 -> 6524674.4 | F23: =IF(B23<=$F$1,D22*$B$3/12,D22*$B$4/12) -> 6095893.4
B24: =B23+1 -> 15 | C24: =IF(AND($F$1<=$B$2,B24<=$F$1),($B$1*($B$3/12))/(1-1/(1+$B$3/12)^$B$2),($B$5*($B$4/12))/(1-1/(1+$B$4/12)^$F$2)) -> 12620568 | D24: =D23-E24 -> 1.52694e+09 | E24: =C24-F24 -> 6550501.2 | F24: =IF(B24<=$F$1,D23*$B$3/12,D23*$B$4/12) -> 6070066.6
B25: =B24+1 -> 16 | C25: =IF(AND($F$1<=$B$2,B25<=$F$1),($B$1*($B$3/12))/(1-1/(1+$B$3/12)^$B$2),($B$5*($B$4/12))/(1-1/(1+$B$4/12)^$F$2)) -> 12620568 | D25: =D24-E25 -> 1.5203636e+09 | E25: =C25-F25 -> 6576430.3 | F25: =IF(B25<=$F$1,D24*$B$3/12,D24*$B$4/12) -> 6044137.5
B26: =B25+1 -> 17 | C26: =IF(AND($F$1<=$B$2,B26<=$F$1),($B$1*($B$3/12))/(1-1/(1+$B$3/12)^$B$2),($B$5*($B$4/12))/(1-1/(1+$B$4/12)^$F$2)) -> 12620568 | D26: =D25-E26 -> 1.5137611e+09 | E26: =C26-F26 -> 6602462 | F26: =IF(B26<=$F$1,D25*$B$3/12,D25*$B$4/12) -> 6018105.8
B27: =B26+1 -> 18 | C27: =IF(AND($F$1<=$B$2,B27<=$F$1),($B$1*($B$3/12))/(1-1/(1+$B$3/12)^$B$2),($B$5*($B$4/12))/(1-1/(1+$B$4/12)^$F$2)) -> 12620568 | D27: =D26-E27 -> 1.5071325e+09 | E27: =C27-F27 -> 6628596.8 | F27: =IF(B27<=$F$1,D26*$B$3/12,D26*$B$4/12) -> 5991971.1
B28: =B27+1 -> 19 | C28: =IF(AND($F$1<=$B$2,B28<=$F$1),($B$1*($B$3/12))/(1-1/(1+$B$3/12)^$B$2),($B$5*($B$4/12))/(1-1/(1+$B$4/12)^$F$2)) -> 12620568 | D28: =D27-E28 -> 1.5004777e+09 | E28: =C28-F28 -> 6654834.9 | F28: =IF(B28<=$F$1,D27*$B$3/12,D27*$B$4/12) -> 5965732.9
B29: =B28+1 -> 20 | C29: =IF(AND($F$1<=$B$2,B29<=$F$1),($B$1*($B$3/12))/(1-1/(1+$B$3/12)^$B$2),($B$5*($B$4/12))/(1-1/(1+$B$4/12)^$F$2)) -> 12620568 | D29: =D28-E29 -> 1.4937965e+09 | E29: =C29-F29 -> 6681177 | F29: =IF(B29<=$F$1,D28*$B$3/12,D28*$B$4/12) -> 5939390.8
B30: =B29+1 -> 21 | C30: =IF(AND($F$1<=$B$2,B30<=$F$1),($B$1*($B$3/12))/(1-1/(1+$B$3/12)^$B$2),($B$5*($B$4/12))/(1-1/(1+$B$4/12)^$F$2)) -> 12620568 | D30: =D29-E30 -> 1.4870889e+09 | E30: =C30-F30 -> 6707623.3 | F30: =IF(B30<=$F$1,D29*$B$3/12,D29*$B$4/12) -> 5912944.5
B31: =B30+1 -> 22 | C31: =IF(AND($F$1<=$B$2,B31<=$F$1),($B$1*($B$3/12))/(1-1/(1+$B$3/12)^$B$2),($B$5*($B$4/12))/(1-1/(1+$B$4/12)^$F$2)) -> 12620568 | D31: =D30-E31 -> 1.4803547e+09 | E31: =C31-F31 -> 6734174.3 | F31: =IF(B31<=$F$1,D30*$B$3/12,D30*$B$4/12) -> 5886393.5
B32: =B31+1 -> 23 | C32: =IF(AND($F$1<=$B$2,B32<=$F$1),($B$1*($B$3/12))/(1-1/(1+$B$3/12)^$B$2),($B$5*($B$4/12))/(1-1/(1+$B$4/12)^$F$2)) -> 12620568 | D32: =D31-E32 -> 1.4735939e+09 | E32: =C32-F32 -> 6760830.4 | F32: =IF(B32<=$F$1,D31*$B$3/12,D31*$B$4/12) -> 5859737.4
B33: =B32+1 -> 24 | C33: =IF(AND($F$1<=$B$2,B33<=$F$1),($B$1*($B$3/12))/(1-1/(1+$B$3/12)^$B$2),($B$5*($B$4/12))/(1-1/(1+$B$4/12)^$F$2)) -> 12620568 | D33: =D32-E33 -> 1.4668063e+09 | E33: =C33-F33 -> 6787592.1 | F33: =IF(B33<=$F$1,D32*$B$3/12,D32*$B$4/12) -> 5832975.7
A34: Tahun 3 | B34: =B33+1 -> 25 | C34: =IF(AND($F$1<=$B$2,B34<=$F$1),($B$1*($B$3/12))/(1-1/(1+$B$3/12)^$B$2),($B$5*($B$4/12))/(1-1/(1+$B$4/12)^$F$2)) -> 12620568 | D34: =D33-E34 -> 1.4599918e+09 | E34: =C34-F34 -> 6814459.6 | F34: =IF(B34<=$F$1,D33*$B$3/12,D33*$B$4/12) -> 5806108.2
B35: =B34+1 -> 26 | C35: =IF(AND($F$1<=$B$2,B35<=$F$1),($B$1*($B$3/12))/(1-1/(1+$B$3/12)^$B$2),($B$5*($B$4/12))/(1-1/(1+$B$4/12)^$F$2)) -> 12620568 | D35: =D34-E35 -> 1.4531504e+09 | E35: =C35-F35 -> 6841433.5 | F35: =IF(B35<=$F$1,D34*$B$3/12,D34*$B$4/12) -> 5779134.3
B36: =B35+1 -> 27 | C36: =IF(AND($F$1<=$B$2,B36<=$F$1),($B$1*($B$3/12))/(1-1/(1+$B$3/12)^$B$2),($B$5*($B$4/12))/(1-1/(1+$B$4/12)^$F$2)) -> 12620568 | D36: =D35-E36 -> 1.4462819e+09 | E36: =C36-F36 -> 6868514.2 | F36: =IF(B36<=$F$1,D35*$B$3/12,D35*$B$4/12) -> 5752053.6
B37: =B36+1 -> 28 | C37: =IF(AND($F$1<=$B$2,B37<=$F$1),($B$1*($B$3/12))/(1-1/(1+$B$3/12)^$B$2),($B$5*($B$4/12))/(1-1/(1+$B$4/12)^$F$2)) -> 12620568 | D37: =D36-E37 -> 1.4393862e+09 | E37: =C37-F37 -> 6895702.1 | F37: =IF(B37<=$F$1,D36*$B$3/12,D36*$B$4/12) -> 5724865.7
B38: =B37+1 -> 29 | C38: =IF(AND($F$1<=$B$2,B38<=$F$1),($B$1*($B$3/12))/(1-1/(1+$B$3/12)^$B$2),($B$5*($B$4/12))/(1-1/(1+$B$4/12)^$F$2)) -> 12620568 | D38: =D37-E38 -> 1.4324632e+09 | E38: =C38-F38 -> 6922997.6 | F38: =IF(B38<=$F$1,D37*$B$3/12,D37*$B$4/12) -> 5697570.3
B39: =B38+1 -> 30 | C39: =IF(AND($F$1<=$B$2,B39<=$F$1),($B$1*($B$3/12))/(1-1/(1+$B$3/12)^$B$2),($B$5*($B$4/12))/(1-1/(1+$B$4/12)^$F$2)) -> 12620568 | D39: =D38-E39 -> 1.4255128e+09 | E39: =C39-F39 -> 6950401.1 | F39: =IF(B39<=$F$1,D38*$B$3/12,D38*$B$4/12) -> 5670166.7
B40: =B39+1 -> 31 | C40: =IF(AND($F$1<=$B$2,B40<=$F$1),($B$1*($B$3/12))/(1-1/(1+$B$3/12)^$B$2),($B$5*($B$4/12))/(1-1/(1+$B$4/12)^$F$2)) -> 12620568 | D40: =D39-E40 -> 1.4185349e+09 | E40: =C40-F40 -> 6977913.1 | F40: =IF(B40<=$F$1,D39*$B$3/12,D39*$B$4/12) -> 5642654.7
B41: =B40+1 -> 32 | C41: =IF(AND($F$1<=$B$2,B41<=$F$1),($B$1*($B$3/12))/(1-1/(1+$B$3/12)^$B$2),($B$5*($B$4/12))/(1-1/(1+$B$4/12)^$F$2)) -> 12620568 | D41: =D40-E41 -> 1.4115293e+09 | E41: =C41-F41 -> 7005534 | F41: =IF(B41<=$F$1,D40*$B$3/12,D40*$B$4/12) -> 5615033.8
B42: =B41+1 -> 33 | C42: =IF(AND($F$1<=$B$2,B42<=$F$1),($B$1*($B$3/12))/(1-1/(1+$B$3/12)^$B$2),($B$5*($B$4/12))/(1-1/(1+$B$4/12)^$F$2)) -> 12620568 | D42: =D41-E42 -> 1.4044961e+09 | E42: =C42-F42 -> 7033264.2 | F42: =IF(B42<=$F$1,D41*$B$3/12,D41*$B$4/12) -> 5587303.6
B43: =B42+1 -> 34 | C43: =IF(AND($F$1<=$B$2,B43<=$F$1),($B$1*($B$3/12))/(1-1/(1+$B$3/12)^$B$2),($B$5*($B$4/12))/(1-1/(1+$B$4/12)^$F$2)) -> 12620568 | D43: =D42-E43 -> 1.397435e+09 | E43: =C43-F43 -> 7061104.2 | F43: =IF(B43<=$F$1,D42*$B$3/12,D42*$B$4/12) -> 5559463.6
B44: =B43+1 -> 35 | C44: =IF(AND($F$1<=$B$2,B44<=$F$1),($B$1*($B$3/12))/(1-1/(1+$B$3/12)^$B$2),($B$5*($B$4/12))/(1-1/(1+$B$4/12)^$F$2)) -> 12620568 | D44: =D43-E44 -> 1.3903459e+09 | E44: =C44-F44 -> 7089054.4 | F44: =IF(B44<=$F$1,D43*$B$3/12,D43*$B$4/12) -> 5531513.4
B45: =B44+1 -> 36 | C45: =IF(AND($F$1<=$B$2,B45<=$F$1),($B$1*($B$3/12))/(1-1/(1+$B$3/12)^$B$2),($B$5*($B$4/12))/(1-1/(1+$B$4/12)^$F$2)) -> 12620568 | D45: =D44-E45 -> 1.3832288e+09 | E45: =C45-F45 -> 7117115.3 | F45: =IF(B45<=$F$1,D44*$B$3/12,D44*$B$4/12) -> 5503452.5
A46: Tahun 4 | B46: =B45+1 -> 37 | C46: =IF(AND($F$1<=$B$2,B46<=$F$1),($B$1*($B$3/12))/(1-1/(1+$B$3/12)^$B$2),($B$5*($B$4/12))/(1-1/(1+$B$4/12)^$F$2)) -> 12620568 | D46: =D45-E46 -> 1.3760835e+09 | E46: =C46-F46 -> 7145287.2 | F46: =IF(B46<=$F$1,D45*$B$3/12,D45*$B$4/12) -> 5475280.6
B47: =B46+1 -> 38 | C47: =IF(AND($F$1<=$B$2,B47<=$F$1),($B$1*($B$3/12))/(1-1/(1+$B$3/12)^$B$2),($B$5*($B$4/12))/(1-1/(1+$B$4/12)^$F$2)) -> 12620568 | D47: =D46-E47 -> 1.3689099e+09 | E47: =C47-F47 -> 7173570.6 | F47: =IF(B47<=$F$1,D46*$B$3/12,D46*$B$4/12) -> 5446997.2
B48: =B47+1 -> 39 | C48: =IF(AND($F$1<=$B$2,B48<=$F$1),($B$1*($B$3/12))/(1-1/(1+$B$3/12)^$B$2),($B$5*($B$4/12))/(1-1/(1+$B$4/12)^$F$2)) -> 12620568 | D48: =D47-E48 -> 1.361708e+09 | E48: =C48-F48 -> 7201966 | F48: =IF(B48<=$F$1,D47*$B$3/12,D47*$B$4/12) -> 5418601.8
B49: =B48+1 -> 40 | C49: =IF(AND($F$1<=$B$2,B49<=$F$1),($B$1*($B$3/12))/(1-1/(1+$B$3/12)^$B$2),($B$5*($B$4/12))/(1-1/(1+$B$4/12)^$F$2)) -> 12620568 | D49: =D48-E49 -> 1.3544775e+09 | E49: =C49-F49 -> 7230473.8 | F49: =IF(B49<=$F$1,D48*$B$3/12,D48*$B$4/12) -> 5390094
B50: =B49+1 -> 41 | C50: =IF(AND($F$1<=$B$2,B50<=$F$1),($B$1*($B$3/12))/(1-1/(1+$B$3/12)^$B$2),($B$5*($B$4/12))/(1-1/(1+$B$4/12)^$F$2)) -> 12620568 | D50: =D49-E50 -> 1.3472184e+09 | E50: =C50-F50 -> 7259094.4 | F50: =IF(B50<=$F$1,D49*$B$3/12,D49*$B$4/12) -> 5361473.4
B51: =B50+1 -> 42 | C51: =IF(AND($F$1<=$B$2,B51<=$F$1),($B$1*($B$3/12))/(1-1/(1+$B$3/12)^$B$2),($B$5*($B$4/12))/(1-1/(1+$B$4/12)^$F$2)) -> 12620568 | D51: =D50-E51 -> 1.3399306e+09 | E51: =C51-F51 -> 7287828.3 | F51: =IF(B51<=$F$1,D50*$B$3/12,D50*$B$4/12) -> 5332739.5
B52: =B51+1 -> 43 | C52: =IF(AND($F$1<=$B$2,B52<=$F$1),($B$1*($B$3/12))/(1-1/(1+$B$3/12)^$B$2),($B$5*($B$4/12))/(1-1/(1+$B$4/12)^$F$2)) -> 12620568 | D52: =D51-E52 -> 1.3326139e+09 | E52: =C52-F52 -> 7316676 | F52: =IF(B52<=$F$1,D51*$B$3/12,D51*$B$4/12) -> 5303891.8
B53: =B52+1 -> 44 | C53: =IF(AND($F$1<=$B$2,B53<=$F$1),($B$1*($B$3/12))/(1-1/(1+$B$3/12)^$B$2),($B$5*($B$4/12))/(1-1/(1+$B$4/12)^$F$2)) -> 12620568 | D53: =D52-E53 -> 1.3252683e+09 | E53: =C53-F53 -> 7345637.8 | F53: =IF(B53<=$F$1,D52*$B$3/12,D52*$B$4/12) -> 5274930
B54: =B53+1 -> 45 | C54: =IF(AND($F$1<=$B$2,B54<=$F$1),($B$1*($B$3/12))/(1-1/(1+$B$3/12)^$B$2),($B$5*($B$4/12))/(1-1/(1+$B$4/12)^$F$2)) -> 12620568 | D54: =D53-E54 -> 1.3178935e+09 | E54: =C54-F54 -> 7374714.3 | F54: =IF(B54<=$F$1,D53*$B$3/12,D53*$B$4/12) -> 5245853.5
B55: =B54+1 -> 46 | C55: =IF(AND($F$1<=$B$2,B55<=$F$1),($B$1*($B$3/12))/(1-1/(1+$B$3/12)^$B$2),($B$5*($B$4/12))/(1-1/(1+$B$4/12)^$F$2)) -> 12620568 | D55: =D54-E55 -> 1.3104896e+09 | E55: =C55-F55 -> 7403905.9 | F55: =IF(B55<=$F$1,D54*$B$3/12,D54*$B$4/12) -> 5216661.9
B56: =B55+1 -> 47 | C56: =IF(AND($F$1<=$B$2,B56<=$F$1),($B$1*($B$3/12))/(1-1/(1+$B$3/12)^$B$2),($B$5*($B$4/12))/(1-1/(1+$B$4/12)^$F$2)) -> 12620568 | D56: =D55-E56 -> 1.3030564e+09 | E56: =C56-F56 -> 7433213 | F56: =IF(B56<=$F$1,D55*$B$3/12,D55*$B$4/12) -> 5187354.8
B57: =B56+1 -> 48 | C57: =IF(AND($F$1<=$B$2,B57<=$F$1),($B$1*($B$3/12))/(1-1/(1+$B$3/12)^$B$2),($B$5*($B$4/12))/(1-1/(1+$B$4/12)^$F$2)) -> 12620568 | D57: =D56-E57 -> 1.2955938e+09 | E57: =C57-F57 -> 7462636.2 | F57: =IF(B57<=$F$1,D56*$B$3/12,D56*$B$4/12) -> 5157931.7
A58: Tahun 5 | B58: =B57+1 -> 49 | C58: =IF(AND($F$1<=$B$2,B58<=$F$1),($B$1*($B$3/12))/(1-1/(1+$B$3/12)^$B$2),($B$5*($B$4/12))/(1-1/(1+$B$4/12)^$F$2)) -> 12620568 | D58: =D57-E58 -> 1.2881016e+09 | E58: =C58-F58 -> 7492175.8 | F58: =IF(B58<=$F$1,D57*$B$3/12,D57*$B$4/12) -> 5128392.1
B59: =B58+1 -> 50 | C59: =IF(AND($F$1<=$B$2,B59<=$F$1),($B$1*($B$3/12))/(1-1/(1+$B$3/12)^$B$2),($B$5*($B$4/12))/(1-1/(1+$B$4/12)^$F$2)) -> 12620568 | D59: =D58-E59 -> 1.2805798e+09 | E59: =C59-F59 -> 7521832.3 | F59: =IF(B59<=$F$1,D58*$B$3/12,D58*$B$4/12) -> 5098735.5
B60: =B59+1 -> 51 | C60: =IF(AND($F$1<=$B$2,B60<=$F$1),($B$1*($B$3/12))/(1-1/(1+$B$3/12)^$B$2),($B$5*($B$4/12))/(1-1/(1+$B$4/12)^$F$2)) -> 12620568 | D60: =D59-E60 -> 1.2730282e+09 | E60: =C60-F60 -> 7551606.2 | F60: =IF(B60<=$F$1,D59*$B$3/12,D59*$B$4/12) -> 5068961.6
B61: =B60+1 -> 52 | C61: =IF(AND($F$1<=$B$2,B61<=$F$1),($B$1*($B$3/12))/(1-1/(1+$B$3/12)^$B$2),($B$5*($B$4/12))/(1-1/(1+$B$4/12)^$F$2)) -> 12620568 | D61: =D60-E61 -> 1.2654467e+09 | E61: =C61-F61 -> 7581498 | F61: =IF(B61<=$F$1,D60*$B$3/12,D60*$B$4/12) -> 5039069.8
B62: =B61+1 -> 53 | C62: =IF(AND($F$1<=$B$2,B62<=$F$1),($B$1*($B$3/12))/(1-1/(1+$B$3/12)^$B$2),($B$5*($B$4/12))/(1-1/(1+$B$4/12)^$F$2)) -> 12620568 | D62: =D61-E62 -> 1.2578352e+09 | E62: =C62-F62 -> 7611508.1 | F62: =IF(B62<=$F$1,D61*$B$3/12,D61*$B$4/12) -> 5009059.7
B63: =B62+1 -> 54 | C63: =IF(AND($F$1<=$B$2,B63<=$F$1),($B$1*($B$3/12))/(1-1/(1+$B$3/12)^$B$2),($B$5*($B$4/12))/(1-1/(1+$B$4/12)^$F$2)) -> 12620568 | D63: =D62-E63 -> 1.2501935e+09 | E63: =C63-F63 -> 7641637 | F63: =IF(B63<=$F$1,D62*$B$3/12,D62*$B$4/12) -> 4978930.9
B64: =B63+1 -> 55 | C64: =IF(AND($F$1<=$B$2,B64<=$F$1),($B$1*($B$3/12))/(1-1/(1+$B$3/12)^$B$2),($B$5*($B$4/12))/(1-1/(1+$B$4/12)^$F$2)) -> 12620568 | D64: =D63-E64 -> 1.2425216e+09 | E64: =C64-F64 -> 7671885.1 | F64: =IF(B64<=$F$1,D63*$B$3/12,D63*$B$4/12) -> 4948682.7
B65: =B64+1 -> 56 | C65: =IF(AND($F$1<=$B$2,B65<=$F$1),($B$1*($B$3/12))/(1-1/(1+$B$3/12)^$B$2),($B$5*($B$4/12))/(1-1/(1+$B$4/12)^$F$2)) -> 12620568 | D65: =D64-E65 -> 1.2348194e+09 | E65: =C65-F65 -> 7702253 | F65: =IF(B65<=$F$1,D64*$B$3/12,D64*$B$4/12) -> 4918314.8
B66: =B65+1 -> 57 | C66: =IF(AND($F$1<=$B$2,B66<=$F$1),($B$1*($B$3/12))/(1-1/(1+$B$3/12)^$B$2),($B$5*($B$4/12))/(1-1/(1+$B$4/12)^$F$2)) -> 12620568 | D66: =D65-E66 -> 1.2270866e+09 | E66: =C66-F66 -> 7732741.1 | F66: =IF(B66<=$F$1,D65*$B$3/12,D65*$B$4/12) -> 4887826.7
B67: =B66+1 -> 58 | C67: =IF(AND($F$1<=$B$2,B67<=$F$1),($B$1*($B$3/12))/(1-1/(1+$B$3/12)^$B$2),($B$5*($B$4/12))/(1-1/(1+$B$4/12)^$F$2)) -> 12620568 | D67: =D66-E67 -> 1.2193233e+09 | E67: =C67-F67 -> 7763349.8 | F67: =IF(B67<=$F$1,D66*$B$3/12,D66*$B$4/12) -> 4857218
B68: =B67+1 -> 59 | C68: =IF(AND($F$1<=$B$2,B68<=$F$1),($B$1*($B$3/12))/(1-1/(1+$B$3/12)^$B$2),($B$5*($B$4/12))/(1-1/(1+$B$4/12)^$F$2)) -> 12620568 | D68: =D67-E68 -> 1.2115292e+09 | E68: =C68-F68 -> 7794079.8 | F68: =IF(B68<=$F$1,D67*$B$3/12,D67*$B$4/12) -> 4826488.1
B69: =B68+1 -> 60 | C69: =IF(AND($F$1<=$B$2,B69<=$F$1),($B$1*($B$3/12))/(1-1/(1+$B$3/12)^$B$2),($B$5*($B$4/12))/(1-1/(1+$B$4/12)^$F$2)) -> 12620568 | D69: =D68-E69 -> 1.2037043e+09 | E69: =C69-F69 -> 7824931.3 | F69: =IF(B69<=$F$1,D68*$B$3/12,D68*$B$4/12) -> 4795636.5
A70: Tahun 6 | B70: =B69+1 -> 61 | C70: =IF(AND($F$1<=$B$2,B70<=$F$1),($B$1*($B$3/12))/(1-1/(1+$B$3/12)^$B$2),($B$5*($B$4/12))/(1-1/(1+$B$4/12)^$F$2)) -> 17269660 | D70: =D69-E70 -> 1.1984717e+09 | E70: =C70-F70 -> 5232616.7 | F70: =IF(B70<=$F$1,D69*$B$3/12,D69*$B$4/12) -> 12037043
B71: =B70+1 -> 62 | C71: =IF(AND($F$1<=$B$2,B71<=$F$1),($B$1*($B$3/12))/(1-1/(1+$B$3/12)^$B$2),($B$5*($B$4/12))/(1-1/(1+$B$4/12)^$F$2)) -> 17269660 | D71: =D70-E71 -> 1.1931867e+09 | E71: =C71-F71 -> 5284942.9 | F71: =IF(B71<=$F$1,D70*$B$3/12,D70*$B$4/12) -> 11984717
B72: =B71+1 -> 63 | C72: =IF(AND($F$1<=$B$2,B72<=$F$1),($B$1*($B$3/12))/(1-1/(1+$B$3/12)^$B$2),($B$5*($B$4/12))/(1-1/(1+$B$4/12)^$F$2)) -> 17269660 | D72: =D71-E72 -> 1.1878489e+09 | E72: =C72-F72 -> 5337792.3 | F72: =IF(B72<=$F$1,D71*$B$3/12,D71*$B$4/12) -> 11931867
B73: =B72+1 -> 64 | C73: =IF(AND($F$1<=$B$2,B73<=$F$1),($B$1*($B$3/12))/(1-1/(1+$B$3/12)^$B$2),($B$5*($B$4/12))/(1-1/(1+$B$4/12)^$F$2)) -> 17269660 | D73: =D72-E73 -> 1.1824578e+09 | E73: =C73-F73 -> 5391170.2 | F73: =IF(B73<=$F$1,D72*$B$3/12,D72*$B$4/12) -> 11878489
B74: =B73+1 -> 65 | C74: =IF(AND($F$1<=$B$2,B74<=$F$1),($B$1*($B$3/12))/(1-1/(1+$B$3/12)^$B$2),($B$5*($B$4/12))/(1-1/(1+$B$4/12)^$F$2)) -> 17269660 | D74: =D73-E74 -> 1.1770127e+09 | E74: =C74-F74 -> 5445081.9 | F74: =IF(B74<=$F$1,D73*$B$3/12,D73*$B$4/12) -> 11824578
B75: =B74+1 -> 66 | C75: =IF(AND($F$1<=$B$2,B75<=$F$1),($B$1*($B$3/12))/(1-1/(1+$B$3/12)^$B$2),($B$5*($B$4/12))/(1-1/(1+$B$4/12)^$F$2)) -> 17269660 | D75: =D74-E75 -> 1.1715131e+09 | E75: =C75-F75 -> 5499532.7 | F75: =IF(B75<=$F$1,D74*$B$3/12,D74*$B$4/12) -> 11770127
B76: =B75+1 -> 67 | C76: =IF(AND($F$1<=$B$2,B76<=$F$1),($B$1*($B$3/12))/(1-1/(1+$B$3/12)^$B$2),($B$5*($B$4/12))/(1-1/(1+$B$4/12)^$F$2)) -> 17269660 | D76: =D75-E76 -> 1.1659586e+09 | E76: =C76-F76 -> 5554528.1 | F76: =IF(B76<=$F$1,D75*$B$3/12,D75*$B$4/12) -> 11715131
B77: =B76+1 -> 68 | C77: =IF(AND($F$1<=$B$2,B77<=$F$1),($B$1*($B$3/12))/(1-1/(1+$B$3/12)^$B$2),($B$5*($B$4/12))/(1-1/(1+$B$4/12)^$F$2)) -> 17269660 | D77: =D76-E77 -> 1.1603485e+09 | E77: =C77-F77 -> 5610073.3 | F77: =IF(B77<=$F$1,D76*$B$3/12,D76*$B$4/12) -> 11659586
B78: =B77+1 -> 69 | C78: =IF(AND($F$1<=$B$2,B78<=$F$1),($B$1*($B$3/12))/(1-1/(1+$B$3/12)^$B$2),($B$5*($B$4/12))/(1-1/(1+$B$4/12)^$F$2)) -> 17269660 | D78: =D77-E78 -> 1.1546824e+09 | E78: =C78-F78 -> 5666174.1 | F78: =IF(B78<=$F$1,D77*$B$3/12,D77*$B$4/12) -> 11603485
B79: =B78+1 -> 70 | C79: =IF(AND($F$1<=$B$2,B79<=$F$1),($B$1*($B$3/12))/(1-1/(1+$B$3/12)^$B$2),($B$5*($B$4/12))/(1-1/(1+$B$4/12)^$F$2)) -> 17269660 | D79: =D78-E79 -> 1.1489595e+09 | E79: =C79-F79 -> 5722835.8 | F79: =IF(B79<=$F$1,D78*$B$3/12,D78*$B$4/12) -> 11546824
B80: =B79+1 -> 71 | C80: =IF(AND($F$1<=$B$2,B80<=$F$1),($B$1*($B$3/12))/(1-1/(1+$B$3/12)^$B$2),($B$5*($B$4/12))/(1-1/(1+$B$4/12)^$F$2)) -> 17269660 | D80: =D79-E80 -> 1.1431795e+09 | E80: =C80-F80 -> 5780064.2 | F80: =IF(B80<=$F$1,D79*$B$3/12,D79*$B$4/12) -> 11489595
B81: =B80+1 -> 72 | C81: =IF(AND($F$1<=$B$2,B81<=$F$1),($B$1*($B$3/12))/(1-1/(1+$B$3/12)^$B$2),($B$5*($B$4/12))/(1-1/(1+$B$4/12)^$F$2)) -> 17269660 | D81: =D80-E81 -> 1.1373416e+09 | E81: =C81-F81 -> 5837864.8 | F81: =IF(B81<=$F$1,D80*$B$3/12,D80*$B$4/12) -> 11431795
A82: Tahun 7 | B82: =B81+1 -> 73 | C82: =IF(AND($F$1<=$B$2,B82<=$F$1),($B$1*($B$3/12))/(1-1/(1+$B$3/12)^$B$2),($B$5*($B$4/12))/(1-1/(1+$B$4/12)^$F$2)) -> 17269660 | D82: =D81-E82 -> 1.1314454e+09 | E82: =C82-F82 -> 5896243.5 | F82: =IF(B82<=$F$1,D81*$B$3/12,D81*$B$4/12) -> 11373416
B83: =B82+1 -> 74 | C83: =IF(AND($F$1<=$B$2,B83<=$F$1),($B$1*($B$3/12))/(1-1/(1+$B$3/12)^$B$2),($B$5*($B$4/12))/(1-1/(1+$B$4/12)^$F$2)) -> 17269660 | D83: =D82-E83 -> 1.1254902e+09 | E83: =C83-F83 -> 5955205.9 | F83: =IF(B83<=$F$1,D82*$B$3/12,D82*$B$4/12) -> 11314454
B84: =B83+1 -> 75 | C84: =IF(AND($F$1<=$B$2,B84<=$F$1),($B$1*($B$3/12))/(1-1/(1+$B$3/12)^$B$2),($B$5*($B$4/12))/(1-1/(1+$B$4/12)^$F$2)) -> 17269660 | D84: =D83-E84 -> 1.1194754e+09 | E84: =C84-F84 -> 6014758 | F84: =IF(B84<=$F$1,D83*$B$3/12,D83*$B$4/12) -> 11254902
B85: =B84+1 -> 76 | C85: =IF(AND($F$1<=$B$2,B85<=$F$1),($B$1*($B$3/12))/(1-1/(1+$B$3/12)^$B$2),($B$5*($B$4/12))/(1-1/(1+$B$4/12)^$F$2)) -> 17269660 | D85: =D84-E85 -> 1.1134005e+09 | E85: =C85-F85 -> 6074905.5 | F85: =IF(B85<=$F$1,D84*$B$3/12,D84*$B$4/12) -> 11194754
B86: =B85+1 -> 77 | C86: =IF(AND($F$1<=$B$2,B86<=$F$1),($B$1*($B$3/12))/(1-1/(1+$B$3/12)^$B$2),($B$5*($B$4/12))/(1-1/(1+$B$4/12)^$F$2)) -> 17269660 | D86: =D85-E86 -> 1.1072648e+09 | E86: =C86-F86 -> 6135654.6 | F86: =IF(B86<=$F$1,D85*$B$3/12,D85*$B$4/12) -> 11134005
B87: =B86+1 -> 78 | C87: =IF(AND($F$1<=$B$2,B87<=$F$1),($B$1*($B$3/12))/(1-1/(1+$B$3/12)^$B$2),($B$5*($B$4/12))/(1-1/(1+$B$4/12)^$F$2)) -> 17269660 | D87: =D86-E87 -> 1.1010678e+09 | E87: =C87-F87 -> 6197011.1 | F87: =IF(B87<=$F$1,D86*$B$3/12,D86*$B$4/12) -> 11072648
B88: =B87+1 -> 79 | C88: =IF(AND($F$1<=$B$2,B88<=$F$1),($B$1*($B$3/12))/(1-1/(1+$B$3/12)^$B$2),($B$5*($B$4/12))/(1-1/(1+$B$4/12)^$F$2)) -> 17269660 | D88: =D87-E88 -> 1.0948088e+09 | E88: =C88-F88 -> 6258981.2 | F88: =IF(B88<=$F$1,D87*$B$3/12,D87*$B$4/12) -> 11010678
B89: =B88+1 -> 80 | C89: =IF(AND($F$1<=$B$2,B89<=$F$1),($B$1*($B$3/12))/(1-1/(1+$B$3/12)^$B$2),($B$5*($B$4/12))/(1-1/(1+$B$4/12)^$F$2)) -> 17269660 | D89: =D88-E89 -> 1.0884873e+09 | E89: =C89-F89 -> 6321571.1 | F89: =IF(B89<=$F$1,D88*$B$3/12,D88*$B$4/12) -> 10948088
B90: =B89+1 -> 81 | C90: =IF(AND($F$1<=$B$2,B90<=$F$1),($B$1*($B$3/12))/(1-1/(1+$B$3/12)^$B$2),($B$5*($B$4/12))/(1-1/(1+$B$4/12)^$F$2)) -> 17269660 | D90: =D89-E90 -> 1.0821025e+09 | E90: =C90-F90 -> 6384786.8 | F90: =IF(B90<=$F$1,D89*$B$3/12,D89*$B$4/12) -> 10884873
B91: =B90+1 -> 82 | C91: =IF(AND($F$1<=$B$2,B91<=$F$1),($B$1*($B$3/12))/(1-1/(1+$B$3/12)^$B$2),($B$5*($B$4/12))/(1-1/(1+$B$4/12)^$F$2)) -> 17269660 | D91: =D90-E91 -> 1.0756539e+09 | E91: =C91-F91 -> 6448634.6 | F91: =IF(B91<=$F$1,D90*$B$3/12,D90*$B$4/12) -> 10821025
B92: =B91+1 -> 83 | C92: =IF(AND($F$1<=$B$2,B92<=$F$1),($B$1*($B$3/12))/(1-1/(1+$B$3/12)^$B$2),($B$5*($B$4/12))/(1-1/(1+$B$4/12)^$F$2)) -> 17269660 | D92: =D91-E92 -> 1.0691407e+09 | E92: =C92-F92 -> 6513121 | F92: =IF(B92<=$F$1,D91*$B$3/12,D91*$B$4/12) -> 10756539
B93: =B92+1 -> 84 | C93: =IF(AND($F$1<=$B$2,B93<=$F$1),($B$1*($B$3/12))/(1-1/(1+$B$3/12)^$B$2),($B$5*($B$4/12))/(1-1/(1+$B$4/12)^$F$2)) -> 17269660 | D93: =D92-E93 -> 1.0625625e+09 | E93: =C93-F93 -> 6578252.2 | F93: =IF(B93<=$F$1,D92*$B$3/12,D92*$B$4/12) -> 10691407
A94: Tahun 8 | B94: =B93+1 -> 85 | C94: =IF(AND($F$1<=$B$2,B94<=$F$1),($B$1*($B$3/12))/(1-1/(1+$B$3/12)^$B$2),($B$5*($B$4/12))/(1-1/(1+$B$4/12)^$F$2)) -> 17269660 | D94: =D93-E94 -> 1.0559184e+09 | E94: =C94-F94 -> 6644034.7 | F94: =IF(B94<=$F$1,D93*$B$3/12,D93*$B$4/12) -> 10625625
B95: =B94+1 -> 86 | C95: =IF(AND($F$1<=$B$2,B95<=$F$1),($B$1*($B$3/12))/(1-1/(1+$B$3/12)^$B$2),($B$5*($B$4/12))/(1-1/(1+$B$4/12)^$F$2)) -> 17269660 | D95: =D94-E95 -> 1.049208e+09 | E95: =C95-F95 -> 6710475.1 | F95: =IF(B95<=$F$1,D94*$B$3/12,D94*$B$4/12) -> 10559184
B96: =B95+1 -> 87 | C96: =IF(AND($F$1<=$B$2,B96<=$F$1),($B$1*($B$3/12))/(1-1/(1+$B$3/12)^$B$2),($B$5*($B$4/12))/(1-1/(1+$B$4/12)^$F$2)) -> 17269660 | D96: =D95-E96 -> 1.0424304e+09 | E96: =C96-F96 -> 6777579.8 | F96: =IF(B96<=$F$1,D95*$B$3/12,D95*$B$4/12) -> 10492080
B97: =B96+1 -> 88 | C97: =IF(AND($F$1<=$B$2,B97<=$F$1),($B$1*($B$3/12))/(1-1/(1+$B$3/12)^$B$2),($B$5*($B$4/12))/(1-1/(1+$B$4/12)^$F$2)) -> 17269660 | D97: =D96-E97 -> 1.035585e+09 | E97: =C97-F97 -> 6845355.6 | F97: =IF(B97<=$F$1,D96*$B$3/12,D96*$B$4/12) -> 10424304
B98: =B97+1 -> 89 | C98: =IF(AND($F$1<=$B$2,B98<=$F$1),($B$1*($B$3/12))/(1-1/(1+$B$3/12)^$B$2),($B$5*($B$4/12))/(1-1/(1+$B$4/12)^$F$2)) -> 17269660 | D98: =D97-E98 -> 1.0286712e+09 | E98: =C98-F98 -> 6913809.2 | F98: =IF(B98<=$F$1,D97*$B$3/12,D97*$B$4/12) -> 10355850
B99: =B98+1 -> 90 | C99: =IF(AND($F$1<=$B$2,B99<=$F$1),($B$1*($B$3/12))/(1-1/(1+$B$3/12)^$B$2),($B$5*($B$4/12))/(1-1/(1+$B$4/12)^$F$2)) -> 17269660 | D99: =D98-E99 -> 1.0216883e+09 | E99: =C99-F99 -> 6982947.3 | F99: =IF(B99<=$F$1,D98*$B$3/12,D98*$B$4/12) -> 10286712
B100: =B99+1 -> 91 | C100: =IF(AND($F$1<=$B$2,B100<=$F$1),($B$1*($B$3/12))/(1-1/(1+$B$3/12)^$B$2),($B$5*($B$4/12))/(1-1/(1+$B$4/12)^$F$2)) -> 17269660 | D100: =D99-E100 -> 1.0146355e+09 | E100: =C100-F100 -> 7052776.7 | F100: =IF(B100<=$F$1,D99*$B$3/12,D99*$B$4/12) -> 10216883
...
